id,summary,description
TRSURV-8002,This is the summary from the title of TRSURV-8002,"This is the description for the ticket and, like many descriptions, it could contain all sorts of characters! - TRSURV-8002"
TRSURV-8003,This is the summary from the title of TRSURV-8003,"This is the description for the ticket and, like many descriptions, it could contain all sorts of characters! - TRSURV-8003"
TRSURV-8004,This is the summary from the title of TRSURV-8004,"This is the description for the ticket and, like many descriptions, it could contain all sorts of characters! - TRSURV-8004"
TRSURV-8005,This is the summary from the title of TRSURV-8005,"This is the description for the ticket and, like many descriptions, it could contain all sorts of characters! - TRSURV-8005"
TRSURV-8006,This is the summary from the title of TRSURV-8006,"This is the description for the ticket and, like many descriptions, it could contain all sorts of characters! - TRSURV-8006"
TRSURV-8007,This is the summary from the title of TRSURV-8007,"This is the description for the ticket and, like many descriptions, it could contain all sorts of characters! - TRSURV-8007"
TRSURV-8008,This is the summary from the title of TRSURV-8008,"This is the description for the ticket and, like many descriptions, it could contain all sorts of characters! - TRSURV-8008"
TRSURV-8009,This is the summary from the title of TRSURV-8009,"This is the description for the ticket and, like many descriptions, it could contain all sorts of characters! - TRSURV-8009"
TRSURV-8010,This is the summary from the title of TRSURV-8010,"This is the description for the ticket and, like many descriptions, it could contain all sorts of characters! - TRSURV-8010"
TRSURV-8011,This is the summary from the title of TRSURV-8011,"This is the description for the ticket and, like many descriptions, it could contain all sorts of characters! - TRSURV-8011"
TRSURV-8012,This is the summary from the title of TRSURV-8012,"This is the description for the ticket and, like many descriptions, it could contain all sorts of characters! - TRSURV-8012"
TRSURV-8013,This is the summary from the title of TRSURV-8013,"This is the description for the ticket and, like many descriptions, it could contain all sorts of characters! - TRSURV-8013"
TRSURV-8014,This is the summary from the title of TRSURV-8014,"This is the description for the ticket and, like many descriptions, it could contain all sorts of characters! - TRSURV-8014"
TRSURV-8015,This is the summary from the title of TRSURV-8015,"This is the description for the ticket and, like many descriptions, it could contain all sorts of characters! - TRSURV-8015"
TRSURV-8016,This is the summary from the title of TRSURV-8016,"This is the description for the ticket and, like many descriptions, it could contain all sorts of characters! - TRSURV-8016"
TRSURV-8017,This is the summary from the title of TRSURV-8017,"This is the description for the ticket and, like many descriptions, it could contain all sorts of characters! - TRSURV-8017"
TRSURV-8018,This is the summary from the title of TRSURV-8018,"This is the description for the ticket and, like many descriptions, it could contain all sorts of characters! - TRSURV-8018"
TRSURV-8019,This is the summary from the title of TRSURV-8019,"This is the description for the ticket and, like many descriptions, it could contain all sorts of characters! - TRSURV-8019"
TRSURV-8020,This is the summary from the title of TRSURV-8020,"This is the description for the ticket and, like many descriptions, it could contain all sorts of characters! - TRSURV-8020"
TRSURV-8021,This is the summary from the title of TRSURV-8021,"This is the description for the ticket and, like many descriptions, it could contain all sorts of characters! - TRSURV-8021"
TRSURV-8022,This is the summary from the title of TRSURV-8022,"This is the description for the ticket and, like many descriptions, it could contain all sorts of characters! - TRSURV-8022"
TRSURV-8023,This is the summary from the title of TRSURV-8023,"This is the description for the ticket and, like many descriptions, it could contain all sorts of characters! - TRSURV-8023"
TRSURV-8024,This is the summary from the title of TRSURV-8024,"This is the description for the ticket and, like many descriptions, it could contain all sorts of characters! - TRSURV-8024"
TRSURV-8025,This is the summary from the title of TRSURV-8025,"This is the description for the ticket and, like many descriptions, it could contain all sorts of characters! - TRSURV-8025"
TRSURV-8026,This is the summary from the title of TRSURV-8026,"This is the description for the ticket and, like many descriptions, it could contain all sorts of characters! - TRSURV-8026"
TRSURV-8027,This is the summary from the title of TRSURV-8027,"This is the description for the ticket and, like many descriptions, it could contain all sorts of characters! - TRSURV-8027"
TRSURV-8028,This is the summary from the title of TRSURV-8028,"This is the description for the ticket and, like many descriptions, it could contain all sorts of characters! - TRSURV-8028"
TRSURV-8029,This is the summary from the title of TRSURV-8029,"This is the description for the ticket and, like many descriptions, it could contain all sorts of characters! - TRSURV-8029"
TRSURV-8030,This is the summary from the title of TRSURV-8030,"This is the description for the ticket and, like many descriptions, it could contain all sorts of characters! - TRSURV-8030"